11,src/plugins/qt4projectmanager/qt-maemo/qt4maemotarget.cpp,1000004,Oswald Buddenhagen,1 
11,src/plugins/qt4projectmanager/qt-maemo/qt4maemotarget.h,1000004,Oswald Buddenhagen,1 
19,src/plugins/qt4projectmanager/qt-maemo/maemoglobal.h,1000007,Daniel Teske,1 
19,src/plugins/qt4projectmanager/qt-maemo/qt4maemotarget.cpp,1000007,Daniel Teske,1 
19,src/plugins/qt4projectmanager/qt-maemo/qt4maemotarget.h,1000007,Daniel Teske,1 
50,src/plugins/qt4projectmanager/qmakestep.cpp,1000049,Qt Sanity Bot,1 
50,src/plugins/qt4projectmanager/qmakestep.cpp,1000003,Kai Koehne,1 
50,src/plugins/qt4projectmanager/qmakestep.cpp,1000007,Daniel Teske,1 
65,src/libs/utils/proparser/images/append.png,1000049,Qt Sanity Bot,1 
65,src/libs/utils/proparser/images/append.png,1000007,Daniel Teske,1 
65,src/libs/utils/proparser/images/append.png,1000004,Oswald Buddenhagen,1 
65,src/libs/utils/proparser/images/other.png,1000049,Qt Sanity Bot,1 
65,src/libs/utils/proparser/images/other.png,1000007,Daniel Teske,1 
65,src/libs/utils/proparser/images/other.png,1000004,Oswald Buddenhagen,1 
65,src/libs/utils/proparser/images/profile.png,1000049,Qt Sanity Bot,1 
65,src/libs/utils/proparser/images/profile.png,1000007,Daniel Teske,1 
65,src/libs/utils/proparser/images/profile.png,1000004,Oswald Buddenhagen,1 
65,src/libs/utils/proparser/images/remove.png,1000049,Qt Sanity Bot,1 
65,src/libs/utils/proparser/images/remove.png,1000007,Daniel Teske,1 
65,src/libs/utils/proparser/images/remove.png,1000004,Oswald Buddenhagen,1 
65,src/libs/utils/proparser/images/scope.png,1000049,Qt Sanity Bot,1 
65,src/libs/utils/proparser/images/scope.png,1000007,Daniel Teske,1 
65,src/libs/utils/proparser/images/scope.png,1000004,Oswald Buddenhagen,1 
65,src/libs/utils/proparser/images/set.png,1000049,Qt Sanity Bot,1 
65,src/libs/utils/proparser/images/set.png,1000007,Daniel Teske,1 
65,src/libs/utils/proparser/images/set.png,1000004,Oswald Buddenhagen,1 
65,src/libs/utils/proparser/images/value.png,1000049,Qt Sanity Bot,1 
65,src/libs/utils/proparser/images/value.png,1000007,Daniel Teske,1 
65,src/libs/utils/proparser/images/value.png,1000004,Oswald Buddenhagen,1 
65,src/libs/utils/proparser/ioutils.cpp,1000049,Qt Sanity Bot,1 
65,src/libs/utils/proparser/ioutils.cpp,1000007,Daniel Teske,1 
65,src/libs/utils/proparser/ioutils.cpp,1000004,Oswald Buddenhagen,1 
65,src/libs/utils/proparser/ioutils.h,1000049,Qt Sanity Bot,1 
65,src/libs/utils/proparser/ioutils.h,1000007,Daniel Teske,1 
65,src/libs/utils/proparser/ioutils.h,1000004,Oswald Buddenhagen,1 
65,src/libs/utils/proparser/profileevaluator.cpp,1000049,Qt Sanity Bot,1 
65,src/libs/utils/proparser/profileevaluator.cpp,1000007,Daniel Teske,1 
65,src/libs/utils/proparser/profileevaluator.cpp,1000004,Oswald Buddenhagen,1 
65,src/libs/utils/proparser/profileevaluator.h,1000049,Qt Sanity Bot,1 
65,src/libs/utils/proparser/profileevaluator.h,1000007,Daniel Teske,1 
65,src/libs/utils/proparser/profileevaluator.h,1000004,Oswald Buddenhagen,1 
65,src/libs/utils/proparser/profileparser.cpp,1000049,Qt Sanity Bot,1 
65,src/libs/utils/proparser/profileparser.cpp,1000007,Daniel Teske,1 
65,src/libs/utils/proparser/profileparser.cpp,1000004,Oswald Buddenhagen,1 
65,src/libs/utils/proparser/profileparser.h,1000049,Qt Sanity Bot,1 
65,src/libs/utils/proparser/profileparser.h,1000007,Daniel Teske,1 
65,src/libs/utils/proparser/profileparser.h,1000004,Oswald Buddenhagen,1 
65,src/libs/utils/proparser/proiteminfo.xml,1000049,Qt Sanity Bot,1 
65,src/libs/utils/proparser/proiteminfo.xml,1000007,Daniel Teske,1 
65,src/libs/utils/proparser/proiteminfo.xml,1000004,Oswald Buddenhagen,1 
65,src/libs/utils/proparser/proitems.cpp,1000049,Qt Sanity Bot,1 
65,src/libs/utils/proparser/proitems.cpp,1000007,Daniel Teske,1 
65,src/libs/utils/proparser/proitems.cpp,1000004,Oswald Buddenhagen,1 
65,src/libs/utils/proparser/proitems.h,1000049,Qt Sanity Bot,1 
65,src/libs/utils/proparser/proitems.h,1000007,Daniel Teske,1 
65,src/libs/utils/proparser/proitems.h,1000004,Oswald Buddenhagen,1 
65,src/libs/utils/proparser/proparser.pri,1000049,Qt Sanity Bot,1 
65,src/libs/utils/proparser/proparser.pri,1000007,Daniel Teske,1 
65,src/libs/utils/proparser/proparser.pri,1000004,Oswald Buddenhagen,1 
65,src/libs/utils/proparser/proparser.qrc,1000049,Qt Sanity Bot,1 
65,src/libs/utils/proparser/proparser.qrc,1000007,Daniel Teske,1 
65,src/libs/utils/proparser/proparser.qrc,1000004,Oswald Buddenhagen,1 
65,src/libs/utils/proparser/prowriter.cpp,1000049,Qt Sanity Bot,1 
65,src/libs/utils/proparser/prowriter.cpp,1000007,Daniel Teske,1 
65,src/libs/utils/proparser/prowriter.cpp,1000004,Oswald Buddenhagen,1 
65,src/libs/utils/proparser/prowriter.h,1000049,Qt Sanity Bot,1 
65,src/libs/utils/proparser/prowriter.h,1000007,Daniel Teske,1 
65,src/libs/utils/proparser/prowriter.h,1000004,Oswald Buddenhagen,1 
65,src/libs/utils/utils.pri,1000049,Qt Sanity Bot,1 
65,src/libs/utils/utils.pri,1000007,Daniel Teske,1 
65,src/libs/utils/utils.pri,1000004,Oswald Buddenhagen,1 
65,src/libs/utils/utils.pro,1000049,Qt Sanity Bot,1 
65,src/libs/utils/utils.pro,1000007,Daniel Teske,1 
65,src/libs/utils/utils.pro,1000004,Oswald Buddenhagen,1 
65,src/plugins/qt4projectmanager/profilereader.h,1000049,Qt Sanity Bot,1 
65,src/plugins/qt4projectmanager/profilereader.h,1000007,Daniel Teske,1 
65,src/plugins/qt4projectmanager/profilereader.h,1000004,Oswald Buddenhagen,1 
65,src/plugins/qt4projectmanager/qt4nodes.cpp,1000049,Qt Sanity Bot,1 
65,src/plugins/qt4projectmanager/qt4nodes.cpp,1000007,Daniel Teske,1 
65,src/plugins/qt4projectmanager/qt4nodes.cpp,1000004,Oswald Buddenhagen,1 
65,src/plugins/qt4projectmanager/qt4projectmanager.pro,1000049,Qt Sanity Bot,1 
65,src/plugins/qt4projectmanager/qt4projectmanager.pro,1000007,Daniel Teske,1 
65,src/plugins/qt4projectmanager/qt4projectmanager.pro,1000004,Oswald Buddenhagen,1 
65,src/plugins/qt4projectmanager/qt-desktop/desktopqtversion.cpp,1000049,Qt Sanity Bot,1 
65,src/plugins/qt4projectmanager/qt-desktop/desktopqtversion.cpp,1000007,Daniel Teske,1 
65,src/plugins/qt4projectmanager/qt-desktop/desktopqtversion.cpp,1000004,Oswald Buddenhagen,1 
65,src/plugins/qt4projectmanager/qt-desktop/simulatorqtversion.cpp,1000049,Qt Sanity Bot,1 
65,src/plugins/qt4projectmanager/qt-desktop/simulatorqtversion.cpp,1000007,Daniel Teske,1 
65,src/plugins/qt4projectmanager/qt-desktop/simulatorqtversion.cpp,1000004,Oswald Buddenhagen,1 
65,src/plugins/qt4projectmanager/qt-maemo/maemodeployables.cpp,1000049,Qt Sanity Bot,1 
65,src/plugins/qt4projectmanager/qt-maemo/maemodeployables.cpp,1000007,Daniel Teske,1 
65,src/plugins/qt4projectmanager/qt-maemo/maemodeployables.cpp,1000004,Oswald Buddenhagen,1 
65,src/plugins/qt4projectmanager/qt-s60/s60publisherovi.cpp,1000049,Qt Sanity Bot,1 
65,src/plugins/qt4projectmanager/qt-s60/s60publisherovi.cpp,1000007,Daniel Teske,1 
65,src/plugins/qt4projectmanager/qt-s60/s60publisherovi.cpp,1000004,Oswald Buddenhagen,1 
65,src/plugins/qt4projectmanager/qt-s60/symbianqtversion.cpp,1000049,Qt Sanity Bot,1 
65,src/plugins/qt4projectmanager/qt-s60/symbianqtversion.cpp,1000007,Daniel Teske,1 
65,src/plugins/qt4projectmanager/qt-s60/symbianqtversion.cpp,1000004,Oswald Buddenhagen,1 
90,src/plugins/qmljstools/qmljscodestylesettingspage.cpp,1000049,Qt Sanity Bot,1 
90,src/plugins/qmljstools/qmljscodestylesettingspage.cpp,1000018,Christian Kamm,1 
